{
    "metadata": {
        "generator": "io_three",
        "materials": 1,
        "normals": 8,
        "type": "Geometry",
        "vertices": 8,
        "version": 3,
        "uvs": 1,
        "faces": 6
    },
    "uvs": [[0.285715,6.66889,0.285715,0.5,0.571429,0.5,0.571429,6.66889,1,-5.66889,1,-0.367134,0.714286,-0.367134,0.714286,-5.66889,0,6.66889,1e-06,0.5,0.285715,0.5,0.285715,6.66889,0.857143,0.5,0.857143,5.80175,0.571429,5.80175,0.571429,0.500001,0.357143,-5.66889,0.357143,0.5,0,0.499999,0,-5.66889,0.357143,0.499999,0.357143,-5.66889,0.714286,-5.66889,0.714286,0.5]],
    "faces": [43,2,0,1,3,0,2,3,0,1,0,1,2,3,43,3,7,6,2,0,4,5,6,7,3,4,5,0,43,7,5,4,6,0,8,9,10,11,4,6,7,5,43,0,4,5,1,0,14,15,12,13,1,7,6,2,43,0,2,6,4,0,16,17,18,19,1,0,5,7,43,5,7,3,1,0,20,21,22,23,6,4,3,2],
    "name": "Cube.002Geometry",
    "materials": [{
        "mapDiffuseRepeat": [2,2],
        "transparent": false,
        "DbgName": "Material.001",
        "visible": true,
        "mapDiffuseAnisotropy": 1,
        "colorAmbient": [0.64,0.64,0.64],
        "mapDiffuseWrap": ["RepeatWrapping","RepeatWrapping"],
        "blending": "NormalBlending",
        "wireframe": false,
        "shading": "lambert",
        "mapDiffuse": "WoodRough0106_2_S_h.jpg",
        "DbgColor": 15658734,
        "depthTest": true,
        "colorEmissive": [0,0,0],
        "opacity": 1,
        "depthWrite": true,
        "colorDiffuse": [0.64,0.64,0.64],
        "DbgIndex": 0
    }],
    "normals": [-0.577349,-0.577349,-0.577349,-0.577349,-0.577349,0.577349,-0.577349,0.577349,0.577349,-0.577349,0.577349,-0.577349,0.577349,0.577349,-0.577349,0.577349,-0.577349,-0.577349,0.577349,0.577349,0.577349,0.577349,-0.577349,0.577349],
    "vertices": [-0.125,2.5,3.9,-0.125,2.7,3.9,-0.125,2.5,-3.9,-0.125,2.7,-3.9,0.125,2.5,3.9,0.125,2.7,3.9,0.125,2.5,-3.9,0.125,2.7,-3.9]
}