{
    "metadata": {
        "generator": "io_three",
        "materials": 1,
        "normals": 8,
        "type": "Geometry",
        "vertices": 8,
        "version": 3,
        "uvs": 1,
        "faces": 6
    },
    "uvs": [[-1.0929,0,0.169291,0,0.169292,0.5,-1.0929,0.5,-0.296448,0.5,0.5,0.5,0.5,1,-0.296448,1,1.43148,0.5,0.169292,0,1.43148,0,-1.0929,0.5,-0.296449,0.5,-1.0929,1,1.29645,0.975432,1.29645,0.5,2.0929,0.5,2.0929,0.975432,1.29645,0.5,1.29645,0.975432,0.5,0.975432,0.5,0.5]],
    "faces": [43,2,0,1,3,0,2,3,0,1,0,1,2,3,43,3,7,6,2,0,4,5,6,7,3,4,5,0,43,7,5,4,6,0,8,2,9,10,4,6,7,5,43,0,4,5,1,0,7,13,11,12,1,7,6,2,43,0,2,6,4,0,14,15,16,17,1,0,5,7,43,5,7,3,1,0,18,19,20,21,6,4,3,2],
    "name": "Cube.005Geometry",
    "materials": [{
        "mapDiffuseRepeat": [2,2],
        "transparent": false,
        "DbgName": "Material.002",
        "visible": true,
        "mapDiffuseAnisotropy": 1,
        "colorAmbient": [0.64,0.64,0.64],
        "mapDiffuseWrap": ["RepeatWrapping","RepeatWrapping"],
        "blending": "NormalBlending",
        "wireframe": false,
        "shading": "lambert",
        "mapDiffuse": "WoodRough0106_2_S_q.jpg",
        "DbgColor": 15658734,
        "depthTest": true,
        "colorEmissive": [0,0,0],
        "opacity": 1,
        "depthWrite": true,
        "colorDiffuse": [0.64,0.64,0.64],
        "DbgIndex": 0
    }],
    "normals": [-0.577349,-0.577349,0.577349,0.577349,-0.577349,0.577349,0.577349,0.577349,0.577349,-0.577349,0.577349,0.577349,-0.577349,0.577349,-0.577349,-0.577349,-0.577349,-0.577349,0.577349,0.577349,-0.577349,0.577349,-0.577349,-0.577349],
    "vertices": [4.9,2.4,0.09,4.9,2.7,0.09,-4.9,2.4,0.09,-4.9,2.7,0.09,4.9,2.4,-0.09,4.9,2.7,-0.09,-4.9,2.4,-0.090001,-4.9,2.7,-0.090001]
}