{
    "vertices": [4.9,2.4,0.09,4.9,2.7,0.09,-4.9,2.4,0.09,-4.9,2.7,0.09,4.9,2.4,-0.09,4.9,2.7,-0.09,-4.9,2.4,-0.090001,-4.9,2.7,-0.090001],
    "faces": [43,2,0,1,3,0,2,3,0,1,0,1,2,3,43,3,7,6,2,0,4,5,6,7,3,4,5,0,43,7,5,4,6,0,8,2,9,10,4,6,7,5,43,0,4,5,1,0,7,13,11,12,1,7,6,2,43,0,2,6,4,0,14,15,16,17,1,0,5,7,43,5,7,3,1,0,18,19,20,21,6,4,3,2],
    "uvs": [[0,0,0.396193,0,0.396193,0.5,0,0.5,0.25,0.5,0.5,0.5,0.5,1,0.25,1,0.792386,0.5,0.396193,0,0.792386,0,0,0.5,0.25,0.5,0,1,0.75,0.975432,0.75,0.5,1,0.5,1,0.975432,0.75,0.5,0.75,0.975432,0.5,0.975432,0.5,0.5]],
    "normals": [-0.577349,-0.577349,0.577349,0.577349,-0.577349,0.577349,0.577349,0.577349,0.577349,-0.577349,0.577349,0.577349,-0.577349,0.577349,-0.577349,-0.577349,-0.577349,-0.577349,0.577349,0.577349,-0.577349,0.577349,-0.577349,-0.577349],
    "metadata": {
        "normals": 8,
        "vertices": 8,
        "generator": "io_three",
        "version": 3,
        "type": "Geometry",
        "faces": 6,
        "uvs": 1,
        "materials": 1
    },
    "name": "Cube.005Geometry.1",
    "materials": [{
        "DbgIndex": 0,
        "colorAmbient": [0.64,0.64,0.64],
        "depthWrite": true,
        "colorSpecular": [0.15,0.15,0.15],
        "mapDiffuseAnisotropy": 1,
        "transparent": false,
        "specularCoef": 50,
        "DbgColor": 15658734,
        "mapDiffuseWrap": ["RepeatWrapping","RepeatWrapping"],
		"mapSpecularWrap": ["RepeatWrapping","RepeatWrapping"],
		"mapBumpWrap": ["RepeatWrapping","RepeatWrapping"],
        "DbgName": "Material.002",
        "mapDiffuseRepeat": [10,1],
		"mapSpecularRepeat": [10,1],
		"mapBumpRepeat": [10,1],
		"mapBumpScale": 0.005,
        "mapDiffuse": "WoodRough0106_2_S_q.jpg",
		"mapSpecular": "WoodRough_q_Spec.jpg",
		"mapBump": "WoodRough_q_Spec.jpg",
        "wireframe": false,
        "colorDiffuse": [0.64,0.64,0.64],
        "opacity": 1,
        "depthTest": true,
        "shading": "phong",
        "visible": true,
        "colorEmissive": [0,0,0],
        "blending": "NormalBlending"
    }]
}