{
    "metadata": {
        "generator": "io_three",
        "materials": 1,
        "normals": 8,
        "type": "Geometry",
        "vertices": 8,
        "version": 3,
        "uvs": 1,
        "faces": 6
    },
    "uvs": [[3.31392,0.5,2.11613,0.499999,2.11613,0,3.31392,1e-06,0.918345,0.499999,-3.51171,0.499999,-3.5117,0,0.918345,0,0.918346,1e-06,2.11613,0.499999,0.918345,0.5,-3.51171,0.499999,0.918345,0.999999,-3.5117,0.999999,3.31392,1,2.11613,1,2.11613,0.5,3.31392,0.5,3.31392,0,4.51171,0,4.51171,0.5,3.31392,0.5]],
    "faces": [43,2,0,1,3,0,2,3,0,1,0,1,2,3,43,3,7,6,2,0,4,5,6,7,3,4,5,0,43,7,5,4,6,0,8,2,9,10,4,6,7,5,43,0,4,5,1,0,12,13,11,4,1,7,6,2,43,0,2,6,4,0,14,15,16,17,1,0,5,7,43,5,7,3,1,0,18,19,20,21,6,4,3,2],
    "name": "Cube.006Geometry",
    "materials": [{
        "mapDiffuseRepeat": [2,2],
        "transparent": false,
        "DbgName": "Material.002",
        "visible": true,
        "mapDiffuseAnisotropy": 1,
        "colorAmbient": [0.64,0.64,0.64],
        "mapDiffuseWrap": ["RepeatWrapping","RepeatWrapping"],
        "blending": "NormalBlending",
        "wireframe": false,
        "shading": "lambert",
        "mapDiffuse": "WoodRough0106_2_S_q.jpg",
        "DbgColor": 15658734,
        "depthTest": true,
        "colorEmissive": [0,0,0],
        "opacity": 1,
        "depthWrite": true,
        "colorDiffuse": [0.64,0.64,0.64],
        "DbgIndex": 0
    }],
    "normals": [-0.577349,0.577349,-0.577349,-0.577349,-0.577349,-0.577349,-0.577349,-0.577349,0.577349,-0.577349,0.577349,0.577349,0.577349,0.577349,0.577349,0.577349,0.577349,-0.577349,0.577349,-0.577349,0.577349,0.577349,-0.577349,-0.577349],
    "vertices": [-0.1,2.6,-0.1,-0.1,2.6,0.1,-0.1,4.05,-0.100001,-0.1,4.05,0.099999,0.1,2.6,-0.1,0.1,2.6,0.1,0.1,4.05,-0.100001,0.1,4.05,0.099999]
}