{
    "metadata": {
        "uvs": 0,
        "version": 3,
        "vertices": 8,
        "type": "Geometry",
        "faces": 6,
        "normals": 8,
        "generator": "io_three"
    },
    "faces": [33,2,0,1,3,0,1,2,3,33,3,7,6,2,3,4,5,0,33,7,5,4,6,4,6,7,5,33,0,4,5,1,1,7,6,2,33,0,2,6,4,1,0,5,7,33,5,7,3,1,6,4,3,2],
    "name": "Cube.021Geometry",
    "vertices": [-2.00906,-0.015324,0.67891,-2.00906,1.10346,0.67891,-2.00906,-0.015324,-0.677923,-2.00906,1.10346,-0.677923,2.00906,-0.015324,0.67891,2.00906,1.10346,0.67891,2.00906,-0.015324,-0.677923,2.00906,1.10346,-0.677923],
    "uvs": [],
    "normals": [-0.577349,-0.577349,-0.577349,-0.577349,-0.577349,0.577349,-0.577349,0.577349,0.577349,-0.577349,0.577349,-0.577349,0.577349,0.577349,-0.577349,0.577349,-0.577349,-0.577349,0.577349,0.577349,0.577349,0.577349,-0.577349,0.577349]
}