{
    "vertices": [-0.478536,-0.534116,0.952994,-0.478536,0.610038,0.952994,-0.464095,-0.534116,-0.960109,-0.464095,0.610038,-0.960109,0.202409,-0.534116,0.958134,0.202409,0.610038,0.958134,0.21685,-0.534116,-0.954969,0.21685,0.610038,-0.954969,0.21685,0.037961,-0.954969,0.20963,0.610038,0.001582,0.202409,0.037961,0.958134,0.20963,-0.534116,0.001582,-0.293529,-0.069595,-0.002216,0.21685,-0.248078,-0.954969,0.206019,0.610038,0.479858,0.202409,-0.248078,0.958134,0.21324,-0.534116,-0.476693,0.21685,0.323999,-0.954969,0.21324,0.610038,-0.476693,0.202409,0.323999,0.958134,0.206019,-0.534116,0.479858,-0.293529,-0.355633,-0.002216,-0.293529,0.216444,-0.002216,-0.289919,-0.069595,-0.480492,-0.29714,-0.069595,0.47606,-0.29714,0.216444,0.47606,-0.289919,0.216444,-0.480492,-0.289919,-0.355633,-0.480491,-0.29714,-0.355633,0.47606,0.21685,-0.391097,-0.954969,0.204214,0.610038,0.718996,0.202409,-0.391097,0.958134,0.215045,-0.534116,-0.715831,0.21685,0.18098,-0.954969,0.211435,0.610038,-0.237555,0.202409,0.18098,0.958134,0.207824,-0.534116,0.24072,-0.293529,-0.498653,-0.002216,-0.293529,0.073424,-0.002216,0.215045,0.037961,-0.715831,-0.295334,-0.069595,0.236922,0.21685,-0.105059,-0.954969,0.207824,0.610038,0.24072,0.202409,-0.105058,0.958134,0.211435,-0.534116,-0.237555,0.21685,0.467019,-0.954969,0.215045,0.610038,-0.715831,0.202409,0.467019,0.958134,0.204214,-0.534116,0.718996,-0.293529,-0.212614,-0.002216,0.20963,0.467019,0.001582,-0.291724,-0.069595,-0.241354,0.204214,0.037961,0.718996,-0.29714,0.073425,0.47606,0.206019,0.467019,0.479858,-0.295334,0.216444,0.236922,0.204214,0.323999,0.718996,-0.289919,0.073424,-0.480492,0.21324,0.467019,-0.476693,0.215045,0.323999,-0.715831,-0.291724,0.216444,-0.241354,-0.289919,-0.498653,-0.480491,-0.289919,-0.212614,-0.480492,0.215045,-0.248078,-0.715831,-0.291724,-0.355633,-0.241354,-0.29714,-0.498653,0.47606,-0.29714,-0.212614,0.47606,-0.295334,-0.355633,0.236922,0.204214,-0.248078,0.718996,0.204214,-0.105058,0.718996,-0.295334,-0.212614,0.236922,-0.295334,-0.498653,0.236922,-0.291724,-0.212614,-0.241354,0.215045,-0.105058,-0.715831,0.215045,-0.391097,-0.715831,0.211435,0.467019,-0.237555,0.215045,0.467019,-0.715831,0.215045,0.18098,-0.715831,0.204214,0.467019,0.718996,0.207824,0.467019,0.24072,-0.295334,0.073424,0.236922,0.204214,0.18098,0.718996,-0.291724,0.073424,-0.241354,-0.291724,-0.498653,-0.241354,0.204214,-0.391097,0.718996],
    "name": "Cube.002Geometry.2",
    "metadata": {
        "vertices": 85,
        "generator": "io_three",
        "type": "Geometry",
        "uvs": 2,
        "faces": 211,
        "version": 3,
        "normals": 34
    },
    "faces": [41,2,0,1,3,2,3,0,1,2,3,0,1,0,1,2,3,40,3,6,2,0,2,3,0,2,3,3,4,0,40,13,29,6,9,10,2,9,10,2,5,5,4,40,8,41,13,7,8,9,7,8,9,5,5,5,40,17,33,8,5,6,7,5,6,7,5,5,5,40,7,45,17,1,4,5,1,4,5,6,5,5,40,3,13,6,0,9,2,0,9,2,3,5,4,40,3,7,17,0,1,5,0,1,5,3,6,5,40,17,8,13,5,7,9,5,7,9,5,5,5,40,3,17,13,0,5,9,0,5,9,3,5,5,41,84,31,4,48,11,10,2,12,11,10,2,12,7,8,9,10,40,5,19,47,0,18,19,0,18,19,11,8,8,40,10,35,19,16,17,18,16,17,18,8,8,8,40,15,43,10,14,15,16,14,15,16,8,8,8,40,4,31,15,3,13,14,3,13,14,9,8,8,40,1,0,4,1,2,3,1,2,3,2,1,9,40,5,1,19,0,1,18,0,1,18,11,2,8,40,15,10,19,14,16,18,14,16,18,8,8,8,40,1,4,15,1,3,14,1,3,14,2,9,8,40,1,15,19,1,14,18,1,14,18,2,8,8,40,0,48,4,0,25,3,0,25,3,1,10,9,40,16,44,11,20,21,22,20,21,22,12,13,13,40,0,20,48,0,24,25,0,24,25,1,14,10,40,16,11,36,20,22,23,20,22,23,12,13,13,40,0,36,20,0,23,24,0,23,24,1,13,14,40,0,2,6,0,1,2,0,1,2,1,0,4,40,32,16,36,12,20,23,12,20,23,15,12,13,40,0,6,32,0,2,12,0,2,12,1,4,15,40,0,32,36,0,12,23,0,12,23,1,15,13,40,5,3,1,0,2,3,26,35,36,11,3,2,40,46,7,3,32,1,2,33,34,35,16,6,3,40,34,18,46,30,31,32,31,32,33,17,17,16,40,5,30,14,0,26,27,26,27,28,11,17,17,40,9,34,46,29,30,32,30,31,33,17,17,16,40,5,14,42,0,27,28,26,28,29,11,17,17,40,42,9,46,28,29,32,29,30,33,17,17,16,40,5,42,3,0,28,2,26,29,35,11,17,3,40,42,46,3,28,32,2,29,33,35,17,16,3,41,83,37,11,44,33,34,22,23,37,38,22,23,18,18,13,13,41,82,38,12,51,35,36,37,38,39,40,41,42,19,19,19,19,41,81,35,10,52,39,6,7,40,43,6,7,44,20,8,8,20,41,80,53,24,40,41,42,43,44,45,46,47,48,19,20,20,19,41,79,54,25,55,45,46,47,48,49,50,51,52,21,22,23,21,41,78,47,19,56,49,4,5,50,53,4,5,54,24,8,8,25,41,77,57,23,39,51,52,53,54,55,56,57,58,26,26,26,26,41,76,58,26,59,55,56,57,58,59,60,61,62,27,28,29,30,41,75,50,22,60,59,60,61,62,63,64,65,66,21,21,21,21,41,74,61,16,32,63,64,24,25,67,68,24,25,31,32,12,15,41,73,62,27,63,65,66,67,68,69,70,71,72,26,26,26,26,41,72,49,21,64,69,70,71,72,73,74,75,76,19,19,19,19,41,71,65,20,36,73,74,20,21,77,78,20,21,18,33,14,13,41,70,66,28,67,75,76,77,78,79,80,81,82,19,20,20,19,41,69,43,15,68,79,8,9,80,83,8,9,84,20,8,8,20,41,66,69,68,28,76,79,80,77,80,83,84,81,20,20,20,20,41,24,52,69,66,43,40,79,76,47,44,83,80,20,20,20,20,41,52,10,43,69,40,7,8,79,44,7,8,83,20,8,8,20,41,49,70,67,21,70,75,78,71,74,79,82,75,19,19,19,19,41,12,40,70,49,37,44,75,70,41,48,79,74,19,19,19,19,41,40,24,66,70,44,43,76,75,48,47,80,79,19,20,20,19,41,37,71,36,11,34,73,21,22,38,77,21,22,18,18,13,13,41,21,67,71,37,71,78,73,34,75,82,77,38,19,19,18,18,41,67,28,65,71,78,77,74,73,82,81,78,77,19,20,33,18,41,62,72,64,27,66,69,72,67,70,73,76,71,26,19,19,26,41,23,51,72,62,53,38,69,66,57,42,73,70,26,19,19,26,41,51,12,49,72,38,37,70,69,42,41,74,73,19,19,19,19,41,41,73,63,13,15,65,68,14,15,69,72,14,5,26,26,5,41,8,39,73,41,16,54,65,15,16,58,69,15,5,26,26,5,41,39,23,62,73,54,53,66,65,58,57,70,69,26,26,26,26,41,29,74,32,6,13,63,25,3,13,67,25,3,5,31,15,4,41,13,63,74,29,14,68,63,13,14,72,67,13,5,26,31,5,41,63,27,61,74,68,67,64,63,72,71,68,67,26,26,32,31,41,58,75,60,26,56,59,62,57,60,63,66,61,28,21,21,29,41,18,34,75,58,27,28,59,56,85,86,63,60,17,17,21,28,41,34,9,50,75,28,29,60,59,86,87,64,63,17,17,21,21,41,45,76,59,17,19,55,58,18,19,59,62,18,5,27,30,5,41,7,46,76,45,0,26,55,19,0,88,59,19,6,16,27,5,41,46,18,58,76,26,27,56,55,88,85,60,59,16,17,28,27,41,33,77,39,8,17,51,54,16,17,55,58,16,5,26,26,5,41,17,59,77,33,18,58,51,17,18,62,55,17,5,30,26,5,41,59,26,57,77,58,57,52,51,62,61,56,55,30,29,26,26,41,54,78,56,25,46,49,50,47,50,53,54,51,22,24,25,23,41,14,30,78,54,31,32,49,46,89,90,53,50,17,17,24,22,41,30,5,47,78,32,1,4,49,90,1,4,53,17,11,8,24,41,50,79,55,22,60,45,48,61,64,49,52,65,21,21,21,21,41,9,42,79,50,29,30,45,60,87,91,49,64,17,17,21,21,41,42,14,54,79,30,31,46,45,91,89,50,49,17,17,22,21,41,38,80,40,12,36,41,44,37,40,45,48,41,19,19,19,19,41,22,55,80,38,61,48,41,36,65,52,45,40,21,21,19,19,41,55,25,53,80,48,47,42,41,52,51,46,45,21,23,20,19,41,53,81,52,24,42,39,40,43,46,43,44,47,20,20,20,20,41,25,56,81,53,47,50,39,42,51,54,43,46,23,25,20,20,41,56,19,35,81,50,5,6,39,54,5,6,43,25,8,8,20,41,57,82,51,23,52,35,38,53,56,39,42,57,26,19,19,26,41,26,60,82,57,57,62,35,52,61,66,39,56,29,21,19,26,41,60,22,38,82,62,61,36,35,66,65,40,39,21,21,19,19,41,61,83,44,16,64,33,23,24,68,37,23,24,32,18,13,12,41,27,64,83,61,67,72,33,64,71,76,37,68,26,19,18,32,41,64,21,37,83,72,71,34,33,76,75,38,37,19,19,18,18,41,65,84,48,20,74,11,12,20,78,11,12,20,33,7,10,14,41,28,68,84,65,77,80,11,74,81,84,11,78,20,20,7,33,41,68,15,31,84,80,9,10,11,84,9,10,11,20,8,8,7],
    "normals": [-0.572954,-0.577349,-0.581683,-0.581683,-0.577349,0.572954,-0.581683,0.577349,0.572954,-0.572954,0.577349,-0.581683,0.581683,-0.577349,-0.572954,0.712424,0,-0.701743,0.581683,0.577349,-0.572954,0.864742,0.226966,-0.447951,0.701743,0,0.712424,0.572954,-0.577349,0.581683,0.712973,-0.649159,-0.264962,0.572954,0.577349,0.581683,0.562426,-0.285195,0.776055,0.999329,-0.035157,0.007538,0.574084,-0.285195,-0.767479,0.708945,-0.649068,0.275735,0.707114,0.707053,0.00531,0.707083,0.707083,0.00531,0.731498,0.681783,0.005493,0.999969,0,0.007538,0.849361,0,-0.527787,0.850185,-0.526414,0.006409,0.875698,-0.468307,-0.117496,0.798364,-0.423719,-0.427839,0.97467,-0.195044,-0.109287,0.897183,-0.238014,-0.37199,0.841273,0,0.540544,0.9729,-0.195044,0.123997,0.873836,-0.468307,0.130711,0.791803,-0.423719,0.439833,0.891446,-0.238014,0.385479,0.857875,0.226966,0.460952,0.694174,0.572253,0.436537,0.700705,0.572253,-0.426008],