{
    "normals": [0,1,0],
    "faces": [43,14,7,3,10,0,0,1,2,3,0,0,0,0,43,9,1,6,12,0,4,5,6,7,0,0,0,0,43,12,6,7,14,0,7,6,1,0,0,0,0,0,43,5,13,15,4,0,8,9,10,11,0,0,0,0,43,0,8,13,5,0,12,13,9,8,0,0,0,0,43,8,9,12,13,0,13,4,7,9,0,0,0,0,43,4,15,11,2,0,11,10,14,15,0,0,0,0,43,15,14,10,11,0,10,0,3,14,0,0,0,0],
    "name": "PlaneGeometry",
    "metadata": {
        "vertices": 16,
        "colors": 0,
        "uvs": 1,
        "materials": 1,
        "version": 3,
        "normals": 1,
        "generator": "io_three",
        "faces": 8,
        "type": "Geometry"
    },
    "materials": [{
        "colorSpecular": [1,1,1],
        "blending": "NormalBlending",
        "visible": true,
        "depthWrite": true,
        "colorEmissive": [0,0,0],
        "vertexColors": false,
        "mapDiffuseRepeat": [20,20],
		"mapSpecularRepeat": [20,20],
		"mapBumpRepeat": [20,20],
        "opacity": 1,
        "mapDiffuseWrap": ["MirroredRepeatWrapping","MirroredRepeatWrapping"],
		"mapSpecularWrap": ["MirroredRepeatWrapping","MirroredRepeatWrapping"],
		"mapBumpWrap": ["MirroredRepeatWrapping","MirroredRepeatWrapping"],
        "transparent": false,
        "DbgIndex": 0,
        "specularCoef": 50,
        "shading": "phong",
        "mapDiffuseAnisotropy": 1,
        "DbgName": "Material.006",
        "mapDiffuse": "Grass0126_1_L.jpg",
		"mapSpecular": "GrassSpec.jpg",
		"mapBumpScale": 0.01,
		"mapBump": "GrassSpec.jpg",
        "colorAmbient": [0.64,0.64,0.64],
        "depthTest": true,
        "wireframe": false,
        "DbgColor": 15658734
    }],
    "colors": [],
    "uvs": [[0.460007,0.675354,0.769184,0.675354,0.769184,0.999912,0.460007,0.999912,0.460007,8.8e-05,0.769184,8.8e-05,0.769184,0.555375,0.460007,0.555375,8.8e-05,0.555375,0.309264,0.555375,0.309264,0.675354,8.8e-05,0.675354,8.8e-05,8.8e-05,0.309264,8.8e-05,0.309264,0.999912,8.8e-05,0.999912]],
    "vertices": [-25,2e-06,40,25,2e-06,40,-25,-1e-06,-25,25,-1e-06,-25,-25,-0,-3.9,-25,0,3.9,25,0,3.9,25,-0,-3.9,-4.9,2e-06,40,4.9,2e-06,40,4.9,-1e-06,-25,-4.9,-1e-06,-25,4.9,0,3.9,-4.9,0,3.9,4.9,-0,-3.9,-4.9,-0,-3.9]
}