{
    "normals": [-0.884396,-0.398358,-0.24311,-0.884396,-0.398358,0.24311,-0.884396,0.398358,0.24311,-0.884396,0.398358,-0.24311,0.226936,0.636219,-0.737327,0.226936,-0.636219,-0.737327,0.226936,0.636219,0.737327,0.226936,-0.636219,0.737327,0.580828,-0.573107,-0.578051,0.575182,0.579913,-0.576891,0.575182,0.579913,0.576891,0.580828,-0.573107,0.578051,-0.579424,0.574816,0.577776,0.306223,-0.306772,0.901151,-0.579424,0.574786,-0.577776,-0.306681,0.30192,-0.902615,-0.306681,0.30192,0.902615,0.306192,-0.306772,-0.901151,0.296426,0.302652,-0.905789,0.296426,0.302652,0.90582,0.574053,-0.579485,-0.578448,0.574084,-0.579485,0.578448,0.575793,0.5786,-0.577593,0.575793,0.5786,0.577593,-0.577013,-0.578173,-0.57683,-0.577013,-0.578173,0.57683,-0.576159,0.578326,0.577532,-0.576128,0.578326,-0.577532,-0.579424,0.574786,0.577776,0.306192,-0.306772,0.901151,0.296426,0.302652,-0.90582,0.574084,-0.579485,-0.578448,0.574053,-0.579485,0.578448,0.575793,0.578631,0.577593,-0.576159,0.578326,-0.577532],
    "faces": [35,2,0,1,3,0,0,1,2,3,35,3,7,6,2,0,3,4,5,0,35,7,5,4,6,0,4,6,7,5,35,0,4,5,1,0,1,7,6,2,35,0,2,6,4,0,1,0,5,7,35,5,7,3,1,0,6,4,3,2,35,9,8,10,11,1,8,9,10,11,35,11,10,14,15,1,11,10,12,13,35,12,16,18,14,1,14,15,16,12,35,13,12,8,9,1,17,14,9,8,35,8,12,14,10,1,9,14,12,10,35,13,9,11,15,1,17,8,11,13,35,16,20,22,18,1,15,18,19,16,35,13,17,16,12,1,17,20,15,14,35,15,19,17,13,1,13,21,20,17,35,14,18,19,15,1,12,16,21,13,35,20,24,26,22,1,18,22,23,19,35,17,21,20,16,1,20,24,18,15,35,19,23,21,17,1,21,25,24,20,35,18,22,23,19,1,16,19,25,21,35,27,26,24,25,1,26,23,22,27,35,21,25,24,20,1,24,27,22,18,35,23,27,25,21,1,25,26,27,24,35,22,26,27,23,1,19,23,26,25,35,29,28,30,31,1,8,9,10,11,35,31,30,34,35,1,11,10,28,29,35,32,36,38,34,1,14,15,16,28,35,33,32,28,29,1,17,14,9,8,35,28,32,34,30,1,9,14,28,10,35,33,29,31,35,1,17,8,11,29,35,36,40,42,38,1,15,30,19,16,35,33,37,36,32,1,17,31,15,14,35,35,39,37,33,1,29,32,31,17,35,34,38,39,35,1,28,16,32,29,35,40,44,46,42,1,30,22,33,19,35,37,41,40,36,1,31,24,30,15,35,39,43,41,37,1,32,25,24,31,35,38,42,43,39,1,16,19,25,32,35,47,46,44,45,1,26,33,22,34,35,41,45,44,40,1,24,34,22,30,35,43,47,45,41,1,25,26,34,24,35,42,46,47,43,1,19,33,26,25,35,49,48,50,51,1,8,9,10,11,35,51,50,54,55,1,11,10,28,29,35,52,56,58,54,1,14,15,16,28,35,53,52,48,49,1,17,14,9,8,35,48,52,54,50,1,9,14,28,10,35,53,49,51,55,1,17,8,11,29,35,56,60,62,58,1,15,18,19,16,35,53,57,56,52,1,17,31,15,14,35,55,59,57,53,1,29,21,31,17,35,54,58,59,55,1,28,16,21,29,35,60,64,66,62,1,18,22,23,19,35,57,61,60,56,1,31,24,18,15,35,59,63,61,57,1,21,25,24,31,35,58,62,63,59,1,16,19,25,21,35,67,66,64,65,1,26,23,22,34,35,61,65,64,60,1,24,34,22,18,35,63,67,65,61,1,25,26,34,24,35,62,66,67,63,1,19,23,26,25],
    "name": "Cube.013Geometry",
    "metadata": {
        "vertices": 68,
        "uvs": 0,
        "materials": 2,
        "version": 3,
        "normals": 35,
        "generator": "io_three",
        "faces": 60,
        "type": "Geometry"
    },
    "materials": [{
        "colorSpecular": [0.5,0.5,0.5],
        "blending": "NormalBlending",
        "visible": true,
        "depthWrite": true,
        "colorEmissive": [0,0,0],
        "opacity": 1,
        "transparent": false,
        "DbgIndex": 0,
        "specularCoef": 50,
        "shading": "phong",
        "DbgName": "base",
        "colorAmbient": [0.64,0.64,0.64],
        "colorDiffuse": [0.64,0.64,0.64],
        "depthTest": true,
        "wireframe": false,
        "DbgColor": 15658734
    },{
        "colorSpecular": [1,1,1],
        "blending": "NormalBlending",
        "visible": true,
        "depthWrite": true,
        "colorEmissive": [0,0,0],
        "opacity": 1,
        "transparent": false,
        "DbgIndex": 1,
        "specularCoef": 50,
        "shading": "phong",
        "DbgName": "Material.004",
        "colorAmbient": [0.638272,0.638272,0.638272],
        "colorDiffuse": [0.638272,0.638272,0.638272],
        "depthTest": true,
        "wireframe": false,
        "DbgColor": 15597568
    }],
    "uvs": [],
    "vertices": [-1.10174,1.74331,3.19761,-1.10174,1.85669,3.19761,-1.10174,1.74331,2.6621,-1.10174,1.85669,2.6621,-1.04795,1.70786,3.26566,-1.04795,1.89214,3.26566,-1.04795,1.70786,2.59406,-1.04795,1.89214,2.59406,-1.09726,1.81265,2.91653,-1.09726,1.78646,2.91653,-1.09726,1.81265,2.94272,-1.09726,1.78646,2.94272,-1.12732,1.81241,2.91653,-1.10989,1.78629,2.91653,-1.12732,1.81241,2.94272,-1.10989,1.78629,2.94272,-1.12733,1.76978,2.91653,-1.11037,1.75414,2.91653,-1.12733,1.76978,2.94272,-1.11037,1.75414,2.94272,-1.13974,1.76958,2.91653,-1.14976,1.75391,2.91653,-1.13974,1.76958,2.94272,-1.14976,1.75391,2.94272,-1.13979,1.77997,2.91653,-1.14966,1.77997,2.91653,-1.13979,1.77997,2.94272,-1.14966,1.77997,2.94272,-1.09726,1.81265,2.7392,-1.09726,1.78646,2.7392,-1.09726,1.81265,2.76539,-1.09726,1.78646,2.76539,-1.12732,1.81241,2.7392,-1.10989,1.78629,2.7392,-1.12732,1.81241,2.76539,-1.10989,1.78629,2.76539,-1.12733,1.76978,2.7392,-1.11037,1.75414,2.7392,-1.12733,1.76978,2.76539,-1.11037,1.75414,2.76539,-1.13974,1.76958,2.7392,-1.14976,1.75391,2.7392,-1.13974,1.76958,2.76539,-1.14976,1.75391,2.76539,-1.13979,1.77997,2.7392,-1.14966,1.77997,2.7392,-1.13979,1.77997,2.76539,-1.14966,1.77997,2.76539,-1.09726,1.81265,3.09859,-1.09726,1.78646,3.09859,-1.09726,1.81265,3.12479,-1.09726,1.78646,3.12479,-1.12732,1.81241,3.09859,-1.10989,1.78629,3.09859,-1.12732,1.81241,3.12479,-1.10989,1.78629,3.12479,-1.12733,1.76978,3.09859,-1.11037,1.75414,3.09859,-1.12733,1.76978,3.12479,-1.11037,1.75414,3.12479,-1.13974,1.76958,3.09859,-1.14976,1.75391,3.09859,-1.13974,1.76958,3.12479,-1.14976,1.75391,3.12479,-1.13979,1.77997,3.09859,-1.14966,1.77997,3.09859,-1.13979,1.77997,3.12479,-1.14966,1.77997,3.12479]
}