{
    "name": "Cube.013Geometry",
    "metadata": {
        "type": "Geometry",
        "vertices": 68,
        "normals": 36,
        "generator": "io_three",
        "materials": 2,
        "faces": 60,
        "version": 3,
        "uvs": 0
    },
    "uvs": [],
    "normals": [-0.884396,-0.398358,-0.24311,-0.884396,-0.398358,0.24311,-0.884396,0.398358,0.24311,-0.884396,0.398358,-0.24311,0.226936,0.636219,-0.737327,0.226936,-0.636219,-0.737327,0.226936,0.636219,0.737327,0.226936,-0.636219,0.737327,-0.580828,0.573107,0.578051,-0.580828,0.573107,-0.578051,-0.575182,-0.579913,-0.576891,-0.575182,-0.579913,0.576891,-0.306223,0.306772,-0.901151,0.579424,-0.574816,-0.577776,0.579424,-0.574786,0.577776,0.306681,-0.30192,-0.902615,0.306681,-0.30192,0.902615,-0.306223,0.306772,0.901151,-0.296426,-0.302652,-0.90582,-0.296426,-0.302652,0.905789,-0.574053,0.579485,0.578448,-0.574084,0.579485,-0.578448,-0.575793,-0.5786,-0.577593,-0.575793,-0.5786,0.577593,0.577013,0.578173,0.57683,0.577013,0.578173,-0.57683,0.576159,-0.578326,-0.577532,0.576128,-0.578326,0.577532,-0.306192,0.306772,-0.901151,0.579424,-0.574786,-0.577776,0.579424,-0.574816,0.577776,-0.296426,-0.302652,0.90582,-0.574084,0.579485,0.578448,-0.574053,0.579485,-0.578448,-0.575793,-0.578631,-0.577593,0.576159,-0.578326,0.577532],
    "faces": [35,2,0,1,3,0,0,1,2,3,35,3,7,6,2,0,3,4,5,0,35,7,5,4,6,0,4,6,7,5,35,0,4,5,1,0,1,7,6,2,35,0,2,6,4,0,1,0,5,7,35,5,7,3,1,0,6,4,3,2,35,9,11,10,8,1,8,9,10,11,35,11,15,14,10,1,9,12,13,10,35,12,14,18,16,1,14,13,15,16,35,13,9,8,12,1,17,8,11,14,35,8,10,14,12,1,11,10,13,14,35,13,15,11,9,1,17,12,9,8,35,16,18,22,20,1,16,15,18,19,35,13,12,16,17,1,17,14,16,20,35,15,13,17,19,1,12,17,20,21,35,14,15,19,18,1,13,12,21,15,35,20,22,26,24,1,19,18,22,23,35,17,16,20,21,1,20,16,19,24,35,19,17,21,23,1,21,20,24,25,35,18,19,23,22,1,15,21,25,18,35,27,25,24,26,1,26,27,23,22,35,21,20,24,25,1,24,19,23,27,35,23,21,25,27,1,25,24,27,26,35,22,23,27,26,1,18,25,26,22,35,29,31,30,28,1,8,9,10,11,35,31,35,34,30,1,9,28,29,10,35,32,34,38,36,1,30,29,15,16,35,33,29,28,32,1,17,8,11,30,35,28,30,34,32,1,11,10,29,30,35,33,35,31,29,1,17,28,9,8,35,36,38,42,40,1,16,15,18,31,35,33,32,36,37,1,17,30,16,32,35,35,33,37,39,1,28,17,32,33,35,34,35,39,38,1,29,28,33,15,35,40,42,46,44,1,31,18,34,23,35,37,36,40,41,1,32,16,31,24,35,39,37,41,43,1,33,32,24,25,35,38,39,43,42,1,15,33,25,18,35,47,45,44,46,1,26,35,23,34,35,41,40,44,45,1,24,31,23,35,35,43,41,45,47,1,25,24,35,26,35,42,43,47,46,1,18,25,26,34,35,49,51,50,48,1,8,9,10,11,35,51,55,54,50,1,9,28,29,10,35,52,54,58,56,1,14,29,15,16,35,53,49,48,52,1,17,8,11,14,35,48,50,54,52,1,11,10,29,14,35,53,55,51,49,1,17,28,9,8,35,56,58,62,60,1,16,15,18,19,35,53,52,56,57,1,17,14,16,32,35,55,53,57,59,1,28,17,32,21,35,54,55,59,58,1,29,28,21,15,35,60,62,66,64,1,19,18,22,23,35,57,56,60,61,1,32,16,19,24,35,59,57,61,63,1,21,32,24,25,35,58,59,63,62,1,15,21,25,18,35,67,65,64,66,1,26,35,23,22,35,61,60,64,65,1,24,19,23,35,35,63,61,65,67,1,25,24,35,26,35,62,63,67,66,1,18,25,26,22],
    "materials": [{
        "DbgIndex": 0,
        "specularCoef": 50,
        "DbgName": "base",
        "colorSpecular": [0.5,0.5,0.5],
        "shading": "phong",
        "blending": "NormalBlending",
        "depthWrite": true,
        "DbgColor": 15658734,
        "transparent": false,
        "depthTest": true,
        "opacity": 1,
        "wireframe": false,
        "colorAmbient": [0.64,0.64,0.64],
        "colorDiffuse": [0.64,0.64,0.64],
        "colorEmissive": [0,0,0],
        "visible": true
    },{
        "DbgIndex": 1,
        "specularCoef": 50,
        "DbgName": "Material.004",
        "colorSpecular": [1,1,1],
        "shading": "phong",
        "blending": "NormalBlending",
        "depthWrite": true,
        "DbgColor": 15597568,
        "transparent": false,
        "depthTest": true,
        "opacity": 1,
        "wireframe": false,
        "colorAmbient": [0.638272,0.638272,0.638272],
        "colorDiffuse": [0.638272,0.638272,0.638272],
        "colorEmissive": [0,0,0],
        "visible": true
    }],
    "vertices": [-1.10174,1.74331,3.19761,-1.10174,1.85669,3.19761,-1.10174,1.74331,2.6621,-1.10174,1.85669,2.6621,-1.04795,1.70786,3.26566,-1.04795,1.89214,3.26566,-1.04795,1.70786,2.59406,-1.04795,1.89214,2.59406,-1.09726,1.81265,2.91653,-1.09726,1.78646,2.91653,-1.09726,1.81265,2.94272,-1.09726,1.78646,2.94272,-1.12732,1.81241,2.91653,-1.10989,1.78629,2.91653,-1.12732,1.81241,2.94272,-1.10989,1.78629,2.94272,-1.12733,1.76978,2.91653,-1.11037,1.75414,2.91653,-1.12733,1.76978,2.94272,-1.11037,1.75414,2.94272,-1.13974,1.76958,2.91653,-1.14976,1.75391,2.91653,-1.13974,1.76958,2.94272,-1.14976,1.75391,2.94272,-1.13979,1.77997,2.91653,-1.14966,1.77997,2.91653,-1.13979,1.77997,2.94272,-1.14966,1.77997,2.94272,-1.09726,1.81265,2.7392,-1.09726,1.78646,2.7392,-1.09726,1.81265,2.76539,-1.09726,1.78646,2.76539,-1.12732,1.81241,2.7392,-1.10989,1.78629,2.7392,-1.12732,1.81241,2.76539,-1.10989,1.78629,2.76539,-1.12733,1.76978,2.7392,-1.11037,1.75414,2.7392,-1.12733,1.76978,2.76539,-1.11037,1.75414,2.76539,-1.13974,1.76958,2.7392,-1.14976,1.75391,2.7392,-1.13974,1.76958,2.76539,-1.14976,1.75391,2.76539,-1.13979,1.77997,2.7392,-1.14966,1.77997,2.7392,-1.13979,1.77997,2.76539,-1.14966,1.77997,2.76539,-1.09726,1.81265,3.09859,-1.09726,1.78646,3.09859,-1.09726,1.81265,3.12479,-1.09726,1.78646,3.12479,-1.12732,1.81241,3.09859,-1.10989,1.78629,3.09859,-1.12732,1.81241,3.12479,-1.10989,1.78629,3.12479,-1.12733,1.76978,3.09859,-1.11037,1.75414,3.09859,-1.12733,1.76978,3.12479,-1.11037,1.75414,3.12479,-1.13974,1.76958,3.09859,-1.14976,1.75391,3.09859,-1.13974,1.76958,3.12479,-1.14976,1.75391,3.12479,-1.13979,1.77997,3.09859,-1.14966,1.77997,3.09859,-1.13979,1.77997,3.12479,-1.14966,1.77997,3.12479]
}