{
    "metadata": {
        "uvs": 0,
        "version": 3,
        "vertices": 16,
        "type": "Geometry",
        "faces": 14,
        "normals": 14,
        "generator": "io_three"
    },
    "faces": [33,8,3,2,9,0,1,2,3,33,3,7,6,2,1,4,5,2,33,10,5,4,11,6,7,8,9,33,0,4,5,1,10,8,7,11,33,9,2,6,11,3,2,5,9,33,10,7,3,8,6,4,1,0,33,5,10,8,1,7,6,0,11,33,0,9,11,4,10,3,9,8,33,10,11,15,14,6,9,8,7,33,9,0,1,8,3,10,11,0,33,13,14,15,12,12,7,8,13,33,7,10,14,13,4,6,7,12,33,11,6,12,15,9,5,13,8,33,6,7,13,12,5,4,12,13],
    "name": "Cube.020Geometry",
    "vertices": [-4.91713,0.1246,-2.49034,-4.91713,1.0223,-2.49034,-4.91713,0.1246,-3.908,-4.91713,1.0223,-3.908,-4.19077,0.1246,-2.49034,-4.19077,1.0223,-2.49034,-4.19077,0.1246,-3.908,-4.19077,1.0223,-3.908,-4.91713,1.0223,-3.1843,-4.91713,0.1246,-3.1843,-4.19077,1.0223,-3.1843,-4.19077,0.1246,-3.1843,-1.98544,0.1246,-3.908,-1.98544,1.0223,-3.908,-1.98544,1.0223,-3.1843,-1.98544,0.1246,-3.1843],
    "uvs": [],
    "normals": [-0.707083,0.707083,0,-0.577349,0.577349,-0.577349,-0.577349,-0.577349,-0.577349,-0.707083,-0.707083,0,0,0.707083,-0.707083,0,-0.707083,-0.707083,0.301492,0.904508,0.301492,0.577349,0.577349,0.577349,0.577349,-0.577349,0.577349,0.301492,-0.904508,0.301492,-0.577349,-0.577349,0.577349,-0.577349,0.577349,0.577349,0.577349,0.577349,-0.577349,0.577349,-0.577349,-0.577349]
}