{
    "metadata": {
        "uvs": 0,
        "vertices": 20,
        "faces": 18,
        "materials": 1,
        "version": 3,
        "type": "Geometry",
        "generator": "io_three",
        "normals": 18
    },
    "faces": [35,2,0,1,3,0,0,1,2,3,35,3,7,6,2,0,3,4,5,0,35,4,6,9,11,0,6,5,7,8,35,0,4,5,1,0,1,6,9,2,35,0,2,6,4,0,1,0,5,6,35,5,7,3,1,0,9,4,3,2,35,11,9,13,15,0,8,7,10,11,35,5,4,11,10,0,9,6,8,8,35,7,5,10,8,0,4,9,8,8,35,6,7,8,9,0,5,4,8,7,35,15,13,17,19,0,11,10,12,13,35,10,11,15,14,0,8,8,11,14,35,8,10,14,12,0,8,8,14,15,35,9,8,12,13,0,7,8,15,10,35,16,18,19,17,0,16,17,13,12,35,14,15,19,18,0,14,11,13,17,35,12,14,18,16,0,15,14,17,16,35,13,12,16,17,0,10,15,16,12],
    "name": "Cube.016Geometry.1",
    "vertices": [-4.97272,1.42728,2.0608,-4.97272,1.57272,2.0608,-4.97272,1.42728,1.9392,-4.97272,1.57272,1.9392,-4.82728,1.42728,2.0608,-4.82728,1.57272,2.0608,-4.82728,1.42728,1.9392,-4.82728,1.57272,1.9392,-4.82728,1.54079,1.98373,-4.82728,1.45921,1.98373,-4.82728,1.54079,2.01627,-4.82728,1.45921,2.01627,-4.82728,1.5372,1.98606,-4.82728,1.4628,1.98606,-4.82728,1.5372,2.01394,-4.82728,1.4628,2.01394,-4.84676,1.52107,1.98606,-4.84676,1.47893,1.98606,-4.84676,1.52107,2.01394,-4.84676,1.47893,2.01394],
    "materials": [{
        "opacity": 1,
        "DbgColor": 15658734,
        "visible": true,
        "specularCoef": 50,
        "colorDiffuse": [0.5,0.5,0.5],
        "wireframe": false,
        "DbgIndex": 0,
        "DbgName": "light",
        "colorEmissive": [0,0,0],
        "colorAmbient": [0.5,0.5,0.5],
        "depthTest": true,
        "shading": "phong",
        "colorSpecular": [0.3,0.3,0.3],
        "transparent": false,
        "blending": "NormalBlending",
        "depthWrite": true
    }],
    "uvs": [],
    "normals": [-0.577349,-0.577349,-0.577349,-0.577349,-0.577349,0.577349,-0.577349,0.577349,0.577349,-0.577349,0.577349,-0.577349,0.577349,0.577349,-0.577349,0.577349,-0.577349,-0.577349,0.577349,-0.577349,0.577349,0.999969,0,0,1,0,0,0.577349,0.577349,0.577349,0.967406,0.20481,0.148839,0.967406,0.20481,-0.148839,0.70806,0.332957,0.622669,0.70806,0.332957,-0.622669,0.967406,-0.20481,-0.148839,0.967406,-0.20481,0.148839,0.70806,-0.332957,0.622669,0.70806,-0.332957,-0.622669]
}