{
    "metadata": {
        "uvs": 0,
        "vertices": 8,
        "faces": 6,
        "materials": 1,
        "version": 3,
        "type": "Geometry",
        "generator": "io_three",
        "normals": 8
    },
    "faces": [35,2,0,1,3,0,0,1,2,3,35,3,7,6,2,0,3,4,5,0,35,7,5,4,6,0,4,6,7,5,35,0,4,5,1,0,1,7,6,2,35,0,2,6,4,0,1,0,5,7,35,5,7,3,1,0,6,4,3,2],
    "name": "Cube.017Geometry.1",
    "vertices": [0,-0.009541,0.012527,0,0.009541,0.012527,0,-0.009541,-0.012527,0,0.009541,-0.012527,0.060231,-0.009541,0.012527,0.060231,0.009541,0.012527,0.060231,-0.009541,-0.012527,0.060231,0.009541,-0.012527],
    "materials": [{
        "opacity": 1,
        "DbgColor": 15658734,
        "visible": true,
        "specularCoef": 50,
        "colorDiffuse": [0.5,0.5,0.5],
        "wireframe": false,
        "DbgIndex": 0,
        "DbgName": "light",
        "colorEmissive": [0,0,0],
        "colorAmbient": [0.5,0.5,0.5],
        "depthTest": true,
        "shading": "phong",
        "colorSpecular": [0.3,0.3,0.3],
        "transparent": false,
        "blending": "NormalBlending",
        "depthWrite": true
    }],
    "uvs": [],
    "normals": [-0.577349,-0.577349,-0.577349,-0.577349,-0.577349,0.577349,-0.577349,0.577349,0.577349,-0.577349,0.577349,-0.577349,0.577349,0.577349,-0.577349,0.577349,-0.577349,-0.577349,0.577349,0.577349,0.577349,0.577349,-0.577349,0.577349]
}