{
    "metadata": {
        "materials": 2,
        "uvs": 1,
        "normals": 12,
        "type": "Geometry",
        "version": 3,
        "generator": "io_three",
        "faces": 10,
        "vertices": 12
    },
    "materials": [{
        "opacity": 1,
        "mapDiffuseWrap": ["RepeatWrapping","RepeatWrapping"],
        "depthWrite": true,
        "DbgColor": 15658734,
        "colorDiffuse": [0.8,0.8,0.8],
        "specularCoef": 30,
        "DbgName": "roof",
        "colorEmissive": [0,0,0],
        "mapDiffuseAnisotropy": 1,
        "colorAmbient": [0.8,0.8,0.8],
        "mapDiffuseRepeat": [2,2],
        "blending": "NormalBlending",
        "mapDiffuse": "roof.jpg",
        "colorSpecular": [0.6,0.6,0.6],
        "visible": true,
        "wireframe": false,
        "DbgIndex": 0,
        "shading": "phong",
        "depthTest": true,
        "transparent": false
    },{
        "opacity": 1,
        "mapDiffuseWrap": ["RepeatWrapping","RepeatWrapping"],
        "depthWrite": true,
        "DbgColor": 15597568,
        "colorDiffuse": [0.64,0.64,0.64],
        "specularCoef": 50,
        "DbgName": "Material",
        "colorEmissive": [0,0,0],
        "mapDiffuseAnisotropy": 1,
        "colorAmbient": [0.64,0.64,0.64],
        "mapDiffuseRepeat": [2,2],
        "blending": "NormalBlending",
        "mapDiffuse": "roof2.jpg",
        "colorSpecular": [0.5,0.5,0.5],
        "visible": true,
        "wireframe": false,
        "DbgIndex": 1,
        "shading": "phong",
        "depthTest": true,
        "transparent": false
    }],
    "faces": [43,8,10,3,1,0,0,1,2,3,0,1,2,3,43,3,10,11,2,0,4,5,6,7,2,1,4,5,43,3,2,6,7,1,4,7,8,9,2,5,6,7,43,1,0,9,8,0,12,13,10,11,3,8,9,0,43,0,2,11,9,0,16,17,14,15,8,5,4,9,43,4,5,7,6,0,18,19,20,21,10,11,7,6,43,5,1,3,7,0,22,3,2,23,11,3,2,7,43,0,4,6,2,0,16,24,25,17,8,10,6,5,43,8,9,11,10,0,26,27,28,29,0,9,4,1,43,4,0,1,5,0,18,13,12,19,10,8,3,11],
    "uvs": [[0.492813,-0.734522,0.5,-0.714219,-0.127975,-0.514466,-0.127975,-0.53477,-0.75595,1.25124,-0.75595,0.620081,0.764218,0.620081,0.764217,1.25124,0.764217,1.75595,-0.75595,1.75595,0.764218,0.620081,-0.75595,0.620081,-0.75595,-0.004577,0.764218,-0.004577,0.5,-0.714219,0.507187,-0.734522,1.12797,-0.53477,1.12797,-0.514466,0.764218,-0.501481,-0.75595,-0.501481,-0.75595,-0.514466,0.764218,-0.514466,-0.748763,-0.734522,-0.75595,-0.714218,1.74876,-0.734522,1.75595,-0.714218,-0.75595,-0.75595,0.764218,-0.75595,0.764218,-0.734522,-0.75595,-0.734522]],
    "name": "Plane.001Geometry",
    "normals": [0.577349,-0.731651,-0.362407,0.577166,0.36372,-0.731132,0.642323,0.766411,0,0.786615,-0.617389,0,-0.577166,0.36372,-0.731132,-0.642323,0.766411,0,-0.577166,0.36372,0.731132,0.577166,0.36372,0.731132,-0.786615,-0.617389,0,-0.577349,-0.731651,-0.362407,-0.577349,-0.731651,0.362407,0.577349,-0.731651,0.362407],
    "vertices": [-5.2,4,-0,5.2,4,-0,-5.2,4.14569,-0,5.2,4.14569,-0,-5.2,2.56663,4.24702,5.2,2.56663,4.24702,-5.2,2.71232,4.29619,5.2,2.71232,4.29619,5.2,2.56663,-4.24703,-5.2,2.56663,-4.24703,5.2,2.71232,-4.2962,-5.2,2.71232,-4.2962]
}