{
    "vertices": [-0.45,-0.229216,0.3,-0.45,0.170908,0.3,-0.45,-0.229216,-0.3,-0.45,0.170908,-0.3,0.45,-0.229216,0.3,0.45,0.170908,0.3,0.45,-0.229216,-0.3,0.45,0.170908,-0.3,-0.481189,-0.259471,0.296755,-0.481189,0.200786,0.296755,-0.481189,-0.259471,0.348043,-0.481189,0.200786,0.348043,0.481189,-0.259471,0.296755,0.481189,0.200786,0.296755,0.481189,-0.259471,0.348043,0.481189,0.200786,0.348043,-0.40996,0.170908,-0.3,-0.40996,-0.229216,-0.3,-0.40996,0.170908,0.3,-0.40996,-0.229216,0.3,0.41004,0.170908,-0.3,0.41004,-0.229216,0.3,0.41004,-0.229216,-0.3,0.41004,0.170908,0.3,-0.45,0.170908,-0.259967,-0.45,-0.229216,-0.259967,0.45,0.170908,-0.259967,0.45,-0.229216,-0.259967,-0.40996,0.170908,-0.259967,-0.40996,-0.229216,-0.259967,0.41004,0.170908,-0.259967,0.41004,-0.229216,-0.259967,-0.45,-0.229216,0.264154,0.45,0.170908,0.264154,-0.40996,0.170908,0.264154,-0.40996,-0.229216,0.264154,0.41004,0.170908,0.264154,0.41004,-0.229216,0.264154,-0.45,0.170908,0.264154,0.45,-0.229216,0.264154,-0.40996,-0.19077,-0.259967,0.41004,-0.19077,-0.259967,-0.40996,-0.19077,0.264154,0.41004,-0.19077,0.264154,-0.15859,-0.026359,0.344977,-0.15859,7.1e-05,0.344977,-0.131604,-0.026359,0.313121,-0.131604,7.1e-05,0.313121,0.159017,-0.026359,0.344977,0.159017,7.1e-05,0.344977,0.132031,-0.026359,0.313121,0.132031,7.1e-05,0.313121,-0.055708,7.1e-05,0.370409,0.056135,7.1e-05,0.370409,0.056135,-0.026359,0.370409,-0.055708,-0.026359,0.370409,0.078932,7.1e-05,0.402265,-0.078505,7.1e-05,0.402265,-0.078505,-0.026359,0.402265,0.078932,-0.026359,0.402265],
    "faces": [35,24,3,2,25,0,0,1,2,3,35,20,7,6,22,0,4,5,6,7,35,33,5,4,39,0,8,9,10,11,35,0,19,18,1,0,12,13,14,15,35,31,22,6,27,0,16,7,6,11,35,28,16,3,24,0,17,4,1,0,35,9,8,10,11,1,1,2,12,15,35,11,10,14,15,1,15,12,10,9,35,15,14,12,13,1,9,10,6,5,35,13,12,8,9,1,5,6,2,1,35,8,12,14,10,1,2,6,10,12,35,13,9,11,15,1,5,1,15,9,35,30,20,16,28,0,18,4,4,17,35,25,2,17,29,0,3,2,7,16,35,23,18,19,21,0,14,14,13,13,35,3,16,17,2,0,1,4,7,2,35,5,23,21,4,0,9,14,13,10,35,26,7,20,30,0,8,5,4,18,35,29,17,22,31,0,16,7,7,16,35,16,20,22,17,0,4,4,7,7,35,35,29,31,37,0,16,16,16,16,35,33,26,30,36,0,8,8,18,19,35,32,25,29,35,0,3,3,16,16,35,34,36,43,42,0,20,19,1,5,35,34,28,24,38,0,20,17,0,0,35,37,31,27,39,0,16,16,11,11,35,7,26,27,6,0,5,8,11,6,35,38,24,25,32,0,0,0,3,3,35,32,0,1,38,0,3,12,15,0,35,21,37,39,4,0,13,16,11,10,35,18,34,38,1,0,14,20,0,15,35,23,36,34,18,0,14,19,20,14,35,0,32,35,19,0,12,3,16,13,35,5,33,36,23,0,9,8,19,14,35,19,35,37,21,0,13,16,16,13,35,26,33,39,27,0,8,8,11,11,35,43,41,40,42,0,1,15,9,5,35,36,30,41,43,0,19,18,15,1,35,28,34,42,40,0,17,20,5,9,35,30,28,40,41,0,18,17,9,15,35,45,47,46,44,2,21,22,23,24,35,53,51,50,54,2,25,26,27,28,35,51,49,48,50,2,26,29,30,27,35,57,45,44,58,2,31,21,24,32,35,59,54,50,48,2,33,28,27,30,35,57,52,47,45,2,31,34,22,21,35,49,51,53,56,2,29,26,25,35,35,56,53,52,57,2,35,25,34,31,35,44,46,55,58,2,24,23,36,32,35,58,55,54,59,2,32,36,28,33,35,49,56,59,48,2,29,35,33,30,35,56,57,58,59,2,35,31,32,33,35,47,52,55,46,2,22,34,36,23,35,52,53,54,55,2,34,25,28,36],
    "uvs": [],
    "materials": [{
        "colorAmbient": [0.64,0.64,0.64],
        "blending": "NormalBlending",
        "transparent": false,
        "specularCoef": 50,
        "DbgIndex": 0,
        "wireframe": false,
        "DbgColor": 15658734,
        "depthTest": true,
        "colorEmissive": [0,0,0],
        "colorDiffuse": [0.64,0.64,0.64],
        "DbgName": "sl",
        "depthWrite": true,
        "colorSpecular": [0.5,0.5,0.5],
        "visible": true,
        "shading": "phong",
        "opacity": 1
    },{
        "colorAmbient": [0.64,0.64,0.64],
        "blending": "NormalBlending",
        "transparent": false,
        "specularCoef": 50,
        "DbgIndex": 1,
        "wireframe": false,
        "DbgColor": 15597568,
        "depthTest": true,
        "colorEmissive": [0,0,0],
        "colorDiffuse": [0.64,0.64,0.64],
        "DbgName": "front",
        "depthWrite": true,
        "colorSpecular": [0.5,0.5,0.5],
        "visible": true,
        "shading": "phong",
        "opacity": 1
    },{
        "colorAmbient": [0.638272,0.638272,0.638272],
        "blending": "NormalBlending",
        "transparent": false,
        "specularCoef": 50,
        "DbgIndex": 2,
        "wireframe": false,
        "DbgColor": 60928,
        "depthTest": true,
        "colorEmissive": [0,0,0],
        "colorDiffuse": [0.638272,0.638272,0.638272],
        "DbgName": "Material.004",
        "depthWrite": true,
        "colorSpecular": [1,1,1],
        "visible": true,
        "shading": "phong",
        "opacity": 1
    }],
    "normals": [-0.707083,0.707083,0,-0.577349,0.577349,-0.577349,-0.577349,-0.577349,-0.577349,-0.707083,-0.707083,0,0,0.707083,-0.707083,0.577349,0.577349,-0.577349,0.577349,-0.577349,-0.577349,0,-0.707083,-0.707083,0.707083,0.707083,0,0.577349,0.577349,0.577349,0.577349,-0.577349,0.577349,0.707083,-0.707083,0,-0.577349,-0.577349,0.577349,0,-0.707083,0.707083,0,0.707083,0.707083,-0.577349,0.577349,0.577349,0,-1,0,0.301492,0.904508,0.301492,-0.301492,0.904508,0.301492,-0.301492,0.904508,-0.301492,0.301492,0.904508,-0.301492,-0.813166,0.573138,0.100955,-0.089969,0.58034,-0.809351,-0.089969,-0.58034,-0.809351,-0.813166,-0.573138,0.100955,-0.196356,0.786065,-0.586108,0.089969,0.58034,-0.809351,0.089969,-0.58034,-0.809351,-0.196356,-0.786065,-0.586108,0.813166,0.573138,0.100955,0.813166,-0.573138,0.100955,-0.233619,0.644368,0.728141,-0.233619,-0.644368,0.728141,0.233619,-0.644368,0.728141,0.196356,0.786065,-0.586108,0.233619,0.644368,0.728141,0.196356,-0.786065,-0.586108],
    "metadata": {
        "vertices": 60,
        "version": 3,
        "generator": "io_three",
        "materials": 3,
        "faces": 54,
        "uvs": 0,
        "normals": 37,
        "type": "Geometry"
    },
    "name": "Cube.014Geometry"
}