{
    "vertices": [-0.125,2.5,3.9,-0.125,2.7,3.9,-0.125,2.5,-3.9,-0.125,2.7,-3.9,0.125,2.5,3.9,0.125,2.7,3.9,0.125,2.5,-3.9,0.125,2.7,-3.9],
    "faces": [43,2,0,1,3,0,2,3,0,1,0,1,2,3,43,3,7,6,2,0,4,5,6,7,3,4,5,0,43,7,5,4,6,0,8,9,10,11,4,6,7,5,43,0,4,5,1,0,14,15,12,13,1,7,6,2,43,0,2,6,4,0,16,17,18,19,1,0,5,7,43,5,7,3,1,0,20,21,22,23,6,4,3,2],
    "uvs": [[0.142857,1,0.142857,0.5,0.285715,0.5,0.285715,1,0.5,0,0.5,0.429717,0.357143,0.429717,0.357143,0,0,1,0,0.5,0.142857,0.5,0.142857,1,0.428572,0.5,0.428572,0.929717,0.285715,0.929717,0.285715,0.5,0.178571,0,0.178571,0.5,0,0.5,0,0,0.178571,0.5,0.178571,0,0.357143,0,0.357143,0.5]],
    "normals": [-0.577349,-0.577349,-0.577349,-0.577349,-0.577349,0.577349,-0.577349,0.577349,0.577349,-0.577349,0.577349,-0.577349,0.577349,0.577349,-0.577349,0.577349,-0.577349,-0.577349,0.577349,0.577349,0.577349,0.577349,-0.577349,0.577349],
    "metadata": {
        "normals": 8,
        "vertices": 8,
        "generator": "io_three",
        "version": 3,
        "type": "Geometry",
        "faces": 6,
        "uvs": 1,
        "materials": 1
    },
    "name": "Cube.002Geometry.2",
    "materials": [{
        "DbgIndex": 0,
        "colorAmbient": [0.64,0.64,0.64],
        "depthWrite": true,
        "colorSpecular": [0.15,0.15,0.15],
        "mapDiffuseAnisotropy": 1,
        "transparent": false,
        "specularCoef": 50,
        "DbgColor": 15658734,
        "mapDiffuseWrap": ["RepeatWrapping","RepeatWrapping"],
		"mapSpecularWrap": ["RepeatWrapping","RepeatWrapping"],
		"mapBumpWrap": ["RepeatWrapping","RepeatWrapping"],
        "DbgName": "Material.001",
        "mapDiffuseRepeat": [1,5],
		"mapSpecularRepeat": [1,5],
		"mapBumpRepeat": [1,5],
		"mapBumpScale": 0.005,
        "mapDiffuse": "WoodRough0106_2_S_h.jpg",
		"mapSpecular": "WoodRough_h_Spec.jpg",
		"mapBump": "WoodRough_h_Spec.jpg",
        "wireframe": false,
        "colorDiffuse": [0.64,0.64,0.64],
        "opacity": 1,
        "depthTest": true,
        "shading": "phong",
        "visible": true,
        "colorEmissive": [0,0,0],
        "blending": "NormalBlending"
    }]
}