{
    "name": "CubeGeometry",
    "uvs": [],
    "metadata": {
        "uvs": 0,
        "version": 3,
        "faces": 70,
        "normals": 34,
        "generator": "io_three",
        "type": "Geometry",
        "vertices": 72
    },
    "faces": [33,22,26,5,32,0,1,1,2,33,58,39,21,17,3,4,5,3,33,44,19,17,42,3,3,3,3,33,26,27,6,5,1,1,1,1,33,8,62,71,68,6,7,8,9,33,56,12,69,70,10,11,12,13,33,5,6,2,1,1,1,1,1,33,51,30,15,11,14,15,16,17,33,59,43,13,9,6,11,18,19,33,40,48,66,64,10,20,12,13,33,50,31,14,38,3,15,21,22,33,12,8,68,69,11,6,9,12,33,2,35,10,53,1,23,24,14,33,29,47,23,27,1,25,26,1,33,58,17,19,60,3,3,3,3,33,42,17,21,41,3,3,5,27,33,38,35,34,39,22,23,28,4,33,49,41,47,55,27,27,25,25,33,57,49,55,63,27,27,25,25,33,48,40,44,18,20,10,3,3,33,60,52,50,58,3,3,3,3,33,27,23,34,6,1,26,28,1,33,6,34,35,2,1,28,23,1,33,60,19,20,37,3,3,29,30,33,10,14,31,53,24,21,15,14,33,39,34,23,21,4,28,26,5,33,58,50,38,39,3,3,22,4,33,53,51,1,2,14,14,1,1,33,61,45,43,59,6,11,11,6,33,35,38,14,10,23,22,21,24,33,53,31,30,51,14,15,15,14,33,37,36,52,60,30,31,3,3,33,0,3,25,24,1,1,1,1,33,24,25,29,28,1,1,1,1,33,62,0,24,54,7,1,1,32,33,18,44,42,16,3,3,3,3,33,54,24,28,46,32,1,1,7,33,56,48,18,7,10,20,3,3,33,45,7,4,43,11,3,3,11,33,7,18,16,4,3,3,3,3,33,52,30,31,50,3,15,15,3,33,36,15,30,52,31,16,15,3,33,16,42,41,49,3,3,27,27,33,8,12,45,61,6,11,11,6,33,25,55,47,29,1,25,25,1,33,3,63,55,25,1,25,25,1,33,41,21,23,47,27,5,26,25,33,4,16,49,57,3,3,27,27,33,28,29,27,26,1,1,1,1,33,11,33,1,51,17,33,1,14,33,3,0,61,59,1,1,6,6,33,0,62,8,61,1,7,6,6,33,12,56,7,45,11,10,3,11,33,46,28,26,22,7,1,1,0,33,32,5,1,33,2,1,1,33,33,40,20,19,44,10,29,3,3,33,54,46,65,67,32,7,8,9,33,43,4,57,13,11,3,27,18,33,59,9,63,3,6,19,25,1,33,63,9,13,57,25,19,18,27,33,11,15,36,33,17,16,31,33,33,36,37,32,33,31,30,2,33,33,20,22,32,37,29,0,2,30,33,40,46,22,20,10,7,0,29,33,46,40,64,65,7,10,13,8,33,64,66,67,65,13,12,9,8,33,48,54,67,66,20,32,9,12,33,68,71,70,69,9,8,13,12,33,62,56,70,71,7,10,13,8,33,48,56,62,54,20,10,7,32],
    "normals": [0.259102,-0.826838,-0.499161,0,-1,0,0.362682,-0.616596,-0.698721,0,1,0,0.362682,0.616596,0.698721,0.259102,0.826838,0.499161,0.707083,-0.707083,0,-0.301492,-0.904508,-0.301492,-0.577349,-0.577349,-0.577349,0.577349,-0.577349,-0.577349,-0.301492,0.904508,-0.301492,0.707083,0.707083,0,0.577349,0.577349,-0.577349,-0.577349,0.577349,-0.577349,-0.707083,-0.707083,0,-0.707083,0.707083,0,-0.728477,0.645039,-0.230598,-0.728477,-0.645039,-0.230598,0.577349,0.577349,0.577349,0.577349,-0.577349,0.577349,0.301492,0.904508,-0.301492,-0.728477,0.645039,0.230598,-0.362682,0.616627,0.698721,-0.362682,-0.616596,0.698721,-0.728477,-0.645039,0.230598,0,-0.707083,0.707083,0.259102,-0.826838,0.499161,0,0.707083,0.707083,0.362682,-0.616627,0.698721,0.259102,0.826838,-0.499161,0.362712,0.616627,-0.698691,-0.362682,0.616627,-0.698721,0.301492,-0.904508,-0.301492,-0.362682,-0.616596,-0.698721],
    "vertices": [0.805415,-0.088636,-0.033333,-0.835818,-0.088636,-0.242653,-0.835818,-0.088636,0.242652,0.805415,-0.088636,0.033333,0.805415,0.088637,0.033334,-0.564182,-0.088636,-0.242653,-0.564182,-0.088636,0.242653,0.805415,0.088637,-0.033333,1,-0.088636,-0.1,1,-0.088636,0.1,-1,-0.088636,0.1,-1,-0.088636,-0.1,1,0.088636,-0.1,1,0.088637,0.1,-1,0.088637,0.1,-1,0.088636,-0.1,0.656318,0.088637,0.033334,-0.4,0.088637,0.033333,0.656318,0.088637,-0.033333,-0.4,0.088637,-0.033333,-0.4,0.088636,-0.1,-0.4,0.088637,0.1,-0.4,-0.088636,-0.1,-0.4,-0.088636,0.1,0.656318,-0.088636,-0.033333,0.656318,-0.088636,0.033333,-0.4,-0.088636,-0.033333,-0.4,-0.088636,0.033333,0.499639,-0.088636,-0.033333,0.499639,-0.088636,0.033333,-1,0.088637,-0.033334,-1,0.088637,0.033333,-0.564181,-0.088636,-0.333334,-0.835818,-0.088636,-0.333334,-0.564182,-0.088636,0.333333,-0.835819,-0.088636,0.333333,-0.835818,0.088636,-0.333333,-0.564181,0.088636,-0.333333,-0.835819,0.088637,0.333333,-0.564182,0.088637,0.333333,0.499639,0.088636,-0.1,0.499639,0.088637,0.1,0.499639,0.088637,0.033334,1,0.088637,0.033334,0.499639,0.088637,-0.033333,1,0.088637,-0.033333,0.499639,-0.088636,-0.1,0.499639,-0.088636,0.1,0.656318,0.088636,-0.1,0.656318,0.088637,0.1,-0.835818,0.088637,0.242653,-1,-0.088636,-0.033334,-0.835818,0.088636,-0.242653,-1,-0.088636,0.033333,0.656318,-0.088636,-0.1,0.656318,-0.088636,0.1,0.805415,0.088636,-0.1,0.805415,0.088637,0.1,-0.564182,0.088637,0.242653,1,-0.088636,0.033333,-0.564181,0.088636,-0.242653,1,-0.088636,-0.033333,0.805415,-0.088636,-0.1,0.805415,-0.088636,0.1,0.499639,0.088636,-0.287512,0.499639,-0.088636,-0.287512,0.656318,0.088636,-0.287512,0.656318,-0.088636,-0.287512,1,-0.088636,-0.396472,1,0.088636,-0.396471,0.805415,0.088636,-0.396471,0.805415,-0.088636,-0.396472]
}