{
    "vertices": [-0.683108,-0.344432,1,-0.683108,0.344432,1,-0.683108,-0.344432,-1,-0.683108,0.344432,-1,0.683108,-0.344432,1,0.683108,0.344432,1,0.683108,-0.344432,-1,0.683108,0.344432,-1,-0.392366,0.344432,-1,0.392366,0.344432,-1,0.392366,-0.344432,-1,-0.392366,-0.344432,-1,0.392366,0.344432,1,-0.392366,0.344432,1,-0.392366,-0.344432,1,0.392366,-0.344432,1,-0.683108,0.344432,0.725237,-0.683108,0.344432,-0.725237,-0.683108,-0.344432,-0.725237,-0.683108,-0.344432,0.725237,0.683108,0.344432,-0.725237,0.683108,0.344432,0.725237,0.683108,-0.344432,0.725237,0.683108,-0.344432,-0.725237,0.392366,0.344432,-0.725237,0.392366,0.344432,0.725237,-0.392366,0.344432,-0.725237,-0.392366,0.344432,0.725237,-0.392366,-0.344432,-0.725237,-0.392366,-0.344432,0.725237,0.392366,-0.344432,-0.725237,0.392366,-0.344432,0.725237],
    "faces": [43,17,3,2,18,0,0,1,2,3,0,1,2,3,43,9,7,6,10,2,4,5,6,7,4,5,6,7,43,21,5,4,22,0,8,9,10,11,8,9,10,11,43,0,14,13,1,2,14,15,12,13,12,13,14,15,43,30,10,6,23,0,16,17,18,19,16,7,6,11,43,26,8,3,17,0,20,21,22,23,17,4,1,0,43,20,7,9,24,0,24,25,26,27,8,5,4,17,43,24,9,8,26,0,27,26,21,20,17,4,4,17,43,18,2,11,28,0,28,29,30,31,3,2,7,16,43,28,11,10,30,0,31,30,17,16,16,7,7,16,43,5,12,15,4,2,32,33,34,35,9,14,13,10,43,12,13,14,15,2,33,12,15,34,14,14,13,13,43,3,8,11,2,2,36,37,38,39,1,4,7,2,43,8,9,10,11,2,37,4,7,38,4,4,7,7,43,14,29,31,15,0,40,41,42,43,13,16,16,13,43,29,28,30,31,0,41,31,16,42,16,16,16,16,43,0,19,29,14,0,44,45,41,40,12,3,16,13,43,19,18,28,29,0,45,28,31,41,3,3,16,16,43,12,25,27,13,0,46,47,48,49,14,17,17,14,43,25,24,26,27,1,47,27,20,48,17,17,17,17,43,5,21,25,12,0,50,51,47,46,9,8,17,14,43,21,20,24,25,0,51,24,27,47,8,8,17,17,43,13,27,16,1,0,49,48,52,14,14,17,0,15,43,27,26,17,16,0,48,20,23,52,17,17,0,0,43,15,31,22,4,0,43,42,53,54,13,16,11,10,43,31,30,23,22,0,42,16,19,53,16,16,11,11,43,7,20,23,6,0,55,56,57,58,5,8,11,6,43,20,21,22,23,0,56,8,11,57,8,8,11,11,43,19,0,1,16,0,61,9,59,60,3,12,15,0,43,16,17,18,19,0,60,0,3,61,0,0,3,3],
    "uvs": [[0,0.379127,0,0.333333,0.333333,0.333333,0.333333,0.379127,0,0.070936,0,0,0.333333,0,0.333333,0.070936,0.379127,0.666667,0.333333,0.666667,0.333333,0.333333,0.379127,0.333333,0.595731,0,0.666667,0,0.666667,0.333333,0.595731,0.333333,0.045794,0.737603,0,0.737603,0,0.666667,0.045794,0.666667,0.954206,0.262397,1,0.262397,1,0.333333,0.954206,0.333333,0.954206,0,1,0,1,0.070936,0.954206,0.070936,0.045794,1,0,1,0,0.929064,0.045794,0.929064,0.333333,0,0.404269,0,0.40427,0.333333,0.333333,0.333333,0,0.333333,0,0.262397,0.333333,0.262397,0.333333,0.333333,0.333333,0.929064,0.28754,0.929064,0.28754,0.737603,0.333333,0.737603,0.333333,1,0.28754,1,0.666667,0.070936,0.71246,0.070936,0.712461,0.262397,0.666667,0.262397,0.666667,0,0.71246,0,0.712461,0.333333,0.28754,0.666667,0.333333,0.666667,0.666667,0.666667,0.620873,0.666667,0.620873,0.333333,0.666667,0.333333,0,0.666667,0,0.620873,0.333333,0.620873]],
    "materials": [{
        "colorAmbient": [0.64,0.078876,0.034818],
        "blending": "NormalBlending",
        "transparent": false,
        "specularCoef": 50,
        "DbgIndex": 0,
        "wireframe": false,
        "DbgColor": 15658734,
        "depthTest": true,
        "colorEmissive": [0,0,0],
        "colorDiffuse": [0.64,0.078876,0.034818],
        "DbgName": "matchesR",
        "depthWrite": true,
        "colorSpecular": [0.5,0.5,0.5],
        "visible": true,
        "shading": "phong",
        "opacity": 1
    },{
        "colorAmbient": [0.64,0.613033,0.029582],
        "blending": "NormalBlending",
        "transparent": false,
        "specularCoef": 50,
        "DbgIndex": 1,
        "wireframe": false,
        "DbgColor": 15597568,
        "depthTest": true,
        "colorEmissive": [0,0,0],
        "colorDiffuse": [0.64,0.613033,0.029582],
        "DbgName": "matchesY",
        "depthWrite": true,
        "colorSpecular": [0.5,0.5,0.5],
        "visible": true,
        "shading": "phong",
        "opacity": 1
    },{
        "colorAmbient": [0.651233,0.651233,0.651233],
        "blending": "NormalBlending",
        "transparent": false,
        "specularCoef": 50,
        "DbgIndex": 2,
        "wireframe": false,
        "DbgColor": 60928,
        "depthTest": true,
        "colorEmissive": [0,0,0],
        "colorDiffuse": [0.651233,0.651233,0.651233],
        "DbgName": "matchesW",
        "depthWrite": true,
        "colorSpecular": [0.5,0.5,0.5],
        "visible": true,
        "shading": "phong",
        "opacity": 1
    }],
    "normals": [-0.707083,0.707083,0,-0.577349,0.577349,-0.577349,-0.577349,-0.577349,-0.577349,-0.707083,-0.707083,0,0,0.707083,-0.707083,0.577349,0.577349,-0.577349,0.577349,-0.577349,-0.577349,0,-0.707083,-0.707083,0.707083,0.707083,0,0.577349,0.577349,0.577349,0.577349,-0.577349,0.577349,0.707083,-0.707083,0,-0.577349,-0.577349,0.577349,0,-0.707083,0.707083,0,0.707083,0.707083,-0.577349,0.577349,0.577349,0,-1,0,0,1,0],
    "metadata": {
        "vertices": 32,
        "version": 3,
        "generator": "io_three",
        "materials": 3,
        "faces": 30,
        "uvs": 1,
        "normals": 18,
        "type": "Geometry"
    },
    "name": "Cube.015Geometry"
}