{
    "metadata": {
        "uvs": 0,
        "vertices": 6,
        "faces": 5,
        "materials": 1,
        "version": 3,
        "type": "Geometry",
        "generator": "io_three",
        "normals": 6
    },
    "faces": [35,2,0,1,3,0,0,1,2,3,34,1,0,4,0,2,1,4,35,3,1,4,5,0,3,2,4,5,34,2,3,5,0,0,3,5,35,0,2,5,4,0,1,0,5,4],
    "name": "Cube.018Geometry.3",
    "vertices": [0,-2.15,-2.2,0,-0,-2.2,0,-2.15,-3.7,0,-0,-3.7,2.3,-2.15,-2.2,2.3,-2.15,-3.7],
    "materials": [{
        "opacity": 1,
        "DbgColor": 15658734,
        "visible": true,
        "specularCoef": 50,
        "colorDiffuse": [0.64,0.64,0.64],
        "wireframe": false,
        "DbgIndex": 0,
        "DbgName": "Material.007",
        "colorEmissive": [0,0,0],
        "colorAmbient": [0.64,0.64,0.64],
        "depthTest": true,
        "shading": "phong",
        "colorSpecular": [0.5,0.5,0.5],
        "transparent": false,
        "blending": "NormalBlending",
        "depthWrite": true
    }],
    "uvs": [],
    "normals": [-0.577349,-0.577349,-0.577349,-0.577349,-0.577349,0.577349,-0.33311,0.767418,0.547777,-0.33311,0.767418,-0.547777,0.779229,-0.307474,0.546068,0.779229,-0.307474,-0.546068]
}